21062011000036103,Nexium HP7,,,
24571000036104,"Local Angel 4% gel, 20 x 5 g tubes",,,
74431000036103,"Nizoral 2% shampoo, 6 x 6 mL sachets",,,
91461000036101,"Yaz Flex tablet, 4 x 30, dial dispenser packs",,,
104241000036106,"Femme-Tab ED 30/150 (21 x 150 microgram/30 microgram tablets, 7 x inert tablets), 4 x 28, blister packs",,,
104251000036109,"Femme-Tab ED 20/100 (21 x 100 microgram/20 microgram tablets, 7 x inert tablets), 4 x 28, blister packs",,,
116921000036100,"Minulet (21 x 75 microgram/30 microgram tablets, 7 x inert tablets), 3 x 28, blister packs",,,
117701000036106,"Microlevlen ED (21 x 100 microgram/20 microgram tablets, 7 x inert tablets), 3 x 28, blister packs",,,
117881000036105,"Picato 0.05% gel, 2 x 470 mg tubes",,,
117891000036107,"Picato 0.015% gel, 3 x 470 mg tubes",,,
122551000036109,"Aldara 5% cream, 2 x 2 g pump packs",,,
140271000036103,"Refresh Night Time 1 g/g eye ointment, 2 x 3.5 g tubes",,,
177091000036106,"Micronelle 30 ED (21 x 150 microgram/30 microgram tablets, 7 x inert tablets), 4 x 28, blister packs",,,
662781000168105,"Evelyn 150/30 ED (21 x 150 microgram/30 microgram tablets, 7 x inert tablets), 4 x 28, blister packs",,,
673471000168101,"Ultibro Breezhaler 110/50 powder for inhalation, 3 x 30 capsules, blister packs",,,
675201000168106,"Valette (21 x 2 mg/30 microgram tablets, 7 x inert tablets), 3 x 28, blister packs",,,
682371000168105,"Eleanor 150/30 ED (21 x 150 microgram/30 microgram tablets, 7 x inert tablets), 2 x 28, blister packs",,,
682401000168108,"Eleanor 150/30 ED (21 x 150 microgram/30 microgram tablets, 7 x inert tablets), 3 x 28, blister packs",,,
682421000168104,"Eleanor 150/30 ED (21 x 150 microgram/30 microgram tablets, 7 x inert tablets), 4 x 28, blister packs",,,
683961000168105,"Zoely (24 x 2.5 mg/1.5 mg tablets, 4 x inert tablets), 3 x 28, blister packs",,,
684301000168108,"Qlaira (2 x 3 mg tablets, 5 x 2 mg/2 mg tablets, 17 x 2 mg/3 mg tablets, 2 x 1 mg tablets, 2 x inert tablets), 3 x 28, blister packs",,,
684521000168108,"MS-2 Step (4 x Gymiso tablets, 1 x Mifepristone (Linepharma) tablet), 1 pack",,,
685981000168100,"Femazole Duo (1 x 150 mg capsule, 1 x 10 g cream), 1 pack",,,
687881000168100,"Mometasone Furoate (Apo) 50 microgram/actuation nasal spray, 2 x 140 actuations, pump packs",,,
689551000168104,"Kaletra oral liquid, 5 x 60 mL, bottles",,,
692021000168107,"Alendronate Plus D3 and Calcium (Sandoz) (4 x Alen Plus D3 70 mg/140 microgram tablets, 48 x Calcium tablets), 1 pack",,,
696121000168107,"MD-Gastroview solution, 12 x 240 mL, bottles",,,
696181000168106,"MD-Gastroview solution, 12 x 120 mL, bottles",,,
699671000168108,"Plegridy Titration Pack (1 x 63 microgram/0.5 mL syringe, 1 x 94 microgram/0.5 mL syringe), 1 pack",,,
699701000168109,"Stivarga 40 mg tablet, 3 x 28, bottles",,,
700881000168109,"Plegridy Titration Pack (1 x 63 microgram/0.5 mL pen device, 1 x 94 microgram/0.5 mL pen device), 1 pack",,,
703131000168108,"X-Evess (1 x 500 mL Part-1 oral liquid bottle, 1 x 500 mL Part-2 oral liquid bottle), 1 pack",,,
706821000168107,"Lenest 20 ED (21 x 100 microgram/20 microgram tablets, 7 x inert tablets), 3 x 28, blister packs",,,
709761000168104,"Testogel 1% (12.5 mg/actuation) gel, 2 x 60 actuations, pump packs",,,
715951000168103,"Probitor Hp7 (14 x Probitor capsules, 28 x Amoxycillin (Sandoz) capsules, 14 x Clarihexal tablets), 1 pack",,,
716001000168109,"Klacid Hp7 (14 x Probitor capsules, 28 x Amoxycillin (Sandoz) capsules, 14 x Klacid tablets), 1 pack",,,
718091000168104,"Carolyn-35 ED (21 x 2 mg/35 microgram tablets, 7 x inert tablets), 3 x 28, blister packs",,,
720531000168101,"Duodopa intestinal gel, 7 x 100 mL, bags",,,
726561000168107,"Viekira Pak (56 x 75 mg/50 mg/12.5 mg tablets, 56 x 250 mg tablets), 4 x 28, blister packs",,,
728161000168103,"Imigran S 10 mg/actuation nasal spray, 2 x 1 actuation, vials",,,
728191000168105,"Imigran 20 mg/actuation nasal spray, 2 x 1 actuation, vials",,,
730101000168100,"Rhinocort Aqueous 64 microgram/actuation nasal spray, 2 x 120 actuations, pump packs",,,
730681000168104,"Fess 0.704% nasal spray, 2 x 75 mL, pump packs",,,
733931000168103,"Viekira Pak-RBV (4 x 28 x Viekira Pak tablets, 168 x Ribavirin (Abbvie) 200 mg tablets), 1 pack",,,
734491000168107,"Viekira Pak-RBV (4 x 28 x Viekira Pak tablets, 56 x Ribavirin (Abbvie) 600 mg tablets), 1 pack",,,
735471000168107,"Carbosorb X 200 mg/mL oral liquid, 10 x 250 mL, bottles",,,
735811000168101,"Thrush Treatment Duo (Apohealth) (1 x Fluconazole One capsule, 1 x Clotrimazole cream), 1 pack",,,
736231000168100,"Afeme Duo (1 x 150 mg capsule, 1 x 10 g cream), 1 pack",,,
744431000168107,"Diane-35 ED (21 x 2 mg/35 microgram tablets, 7 x inert tablets), 3 x 28, blister packs",,,
745751000168109,"Brenda-35 ED (21 x 2 mg/35 microgram tablets, 7 x inert tablets), 3 x 28, blister packs",,,
750651000168107,"Yaz (24 x 3 mg/20 microgram tablets, 4 x inert tablets), 2 x 28, blister packs",,,
750681000168100,"Yaz (24 x 3 mg/20 microgram tablets, 4 x inert tablets), 3 x 28, blister packs",,,
750711000168104,"Yaz (24 x 3 mg/20 microgram tablets, 4 x inert tablets), 4 x 28, blister packs",,,
750741000168100,"Yaz (24 x 3 mg/20 microgram tablets, 4 x inert tablets), 6 x 28, blister packs",,,
750991000168105,"Laila-35 ED (21 x 2 mg/35 microgram tablets, 7 x inert tablets), 3 x 28, blister packs",,,
753131000168102,"Canesten Fungal Nail Treatment Set (20 g x Bifonazole Anti-Fungal cream, 10 g x Urea ointment), 1 pack",,,
758731000168106,"Chelsea-35 ED (21 x 2 mg/35 microgram tablets, 7 x inert tablets), 3 x 28, blister packs",,,
758761000168103,"Microgynon 20 ED (21 x 100 microgram/20 microgram tablets, 7 x inert tablets), 2 x 28, blister packs",,,
758781000168107,"Microgynon 20 ED (21 x 100 microgram/20 microgram tablets, 7 x inert tablets), 4 x 28, blister packs",,,
762191000168100,"Uniclar Aqueous 50 microgram/actuation nasal spray, 2 x 140 actuations, pump packs",,,
766901000168109,"Micronelle 20 ED (21 x 100 microgram/20 microgram tablets, 7 x inert tablets), 3 x 28, blister packs",,,
766921000168100,"Micronelle 20 ED (21 x 100 microgram/20 microgram tablets, 7 x inert tablets), 4 x 28, blister packs",,,
767491000168105,"Petibelle (21 x 3 mg/30 microgram tablets, 7 x inert tablets), 2 x 28, blister packs",,,
767511000168100,"Petibelle (21 x 3 mg/30 microgram tablets, 7 x inert tablets), 3 x 28, blister packs",,,
767541000168101,"Petibelle (21 x 3 mg/30 microgram tablets, 7 x inert tablets), 4 x 28, blister packs",,,
767941000168108,"Lenest 30 ED (21 x 150 microgram/30 microgram tablets, 7 x inert tablets), 4 x 28, blister packs",,,
769561000168107,"Esomeprazole Hp7 (Sandoz) (14 x Esomeprazole tablets, 28 x Amoxycillin capsules, 14 x Clarithromycin tablets), 1 pack",,,
769971000168108,"Jene-35 ED (21 x 2 mg/35 microgram tablets, 7 x inert tablets), 3 x 28, blister packs",,,
770171000168108,"Oralair Initiation Treatment (3 x 100 IR tablets, 7 x 300 IR tablets), 1 pack",,,
770201000168107,"Oralair Initiation Treatment (3 x 100 IR tablets, 28 x 300 IR tablets), 1 pack",,,
770491000168102,"PKU Easy Microtabs modified release tablet, 4 x 110 g, bottles",,,
770581000168101,"Actair Initiation Treatment (3 x 100 IR tablets, 7 x 300 IR tablets), 1 pack",,,
770611000168108,"Actair Initiation Treatment (3 x 100 IR tablets, 28 x 300 IR tablets), 1 pack",,,
770641000168107,"Actair Initiation Treatment (3 x 100 IR tablets, 88 x 300 IR tablets), 1 pack",,,
770931000168108,"Femme-Tab ED 30/150 (21 x 150 microgram/30 microgram tablets, 7 x inert tablets), 3 x 28, blister packs",,,
771121000168103,"Isabelle (21 x 3 mg/30 microgram tablets, 7 x inert tablets), 2 x 28, blister packs",,,
771141000168109,"Isabelle (21 x 3 mg/30 microgram tablets, 7 x inert tablets), 3 x 28, blister packs",,,
771161000168108,"Isabelle (21 x 3 mg/30 microgram tablets, 7 x inert tablets), 4 x 28, blister packs",,,
771611000168102,"Drospirenone/Ethinyloestradiol (GH) (21 x 3 mg/30 microgram tablets, 7 x inert tablets), 2 x 28, blister packs",,,
771631000168107,"Drospirenone/Ethinyloestradiol (Lupin) (21 x 3 mg/30 microgram tablets, 7 x inert tablets), 2 x 28, blister packs",,,
771651000168101,"Drospirenone/Ethinyloestradiol (GH) (21 x 3 mg/30 microgram tablets, 7 x inert tablets), 3 x 28, blister packs",,,
771671000168105,"Drospirenone/Ethinyloestradiol (GH) (21 x 3 mg/30 microgram tablets, 7 x inert tablets), 4 x 28, blister packs",,,
771741000168108,"Drospirenone/Ethinyloestradiol (Lupin) (21 x 3 mg/30 microgram tablets, 7 x inert tablets), 3 x 28, blister packs",,,
771911000168107,"Drospirenone/Ethinyloestradiol (Lupin) (21 x 3 mg/30 microgram tablets, 7 x inert tablets), 4 x 28, blister packs",,,
775731000168102,"Carbosorb XS oral liquid, 10 x 250 mL, bottles (Old Formulation 2019)",,,
776031000168107,"Minulet (21 x 75 microgram/30 microgram tablets, 7 x inert tablets), 2 x 28, blister packs",,,
776061000168104,"Minulet (21 x 75 microgram/30 microgram tablets, 7 x inert tablets), 4 x 28, blister packs",,,
776081000168108,"Leah (24 x 3 mg/20 microgram tablets, 4 x inert tablets), 3 x 28, blister packs",,,
776441000168108,"Loette (21 x 100 microgram/20 microgram tablets, 7 x inert tablets), 2 x 28, blister packs",,,
776461000168107,"Loette (21 x 100 microgram/20 microgram tablets, 7 x inert tablets), 4 x 28, blister packs",,,
778821000168104,"Latanoprost-Timolol 50/5 (Alphapharm) eye drops, 3 x 2.5 mL, bottles",,,
781651000168105,"Nordette (21 x 150 microgram/30 microgram tablets, 7 x inert tablets), 4 x 28, blister packs",,,
792921000168101,"Trifeme (6 x 50 microgram/30 microgram tablets, 5 x 75 microgram/40 microgram tablets, 10 x 125 microgram/30 microgram tablets, 7 x inert tablets), 4 x 28, blister packs",,,
794951000168100,"Instanyl 50 microgram/actuation nasal spray, 2 x 1 actuation, pump packs",,,
795011000168101,"Instanyl 50 microgram/actuation nasal spray, 6 x 1 actuation, pump packs",,,
795041000168102,"Instanyl 50 microgram/actuation nasal spray, 8 x 1 actuation, pump packs",,,
795071000168109,"Instanyl 50 microgram/actuation nasal spray, 10 x 1 actuation, pump packs",,,
795151000168101,"Instanyl 100 microgram/actuation nasal spray, 2 x 1 actuation, pump packs",,,
795181000168108,"Instanyl 100 microgram/actuation nasal spray, 6 x 1 actuation, pump packs",,,
795211000168107,"Instanyl 100 microgram/actuation nasal spray, 8 x 1 actuation, pump packs",,,
24411000036106,"Contour diagnostic strip, 100, bottle",,,
30471000036106,"BGstar diagnostic strip, 50, bottle",,,
45131000036105,"Tenderwet 24 Active (609210) 4 cm dressing, 10, carton",,,
45141000036100,"Tenderwet Active Cavity (609272) 5.5 cm dressing, 10, carton",,,
45151000036102,"Tenderwet 24 Active (609213) 7.5 cm x 7.5 cm dressing, 10, carton",,,
83001000036105,"GlucoDr diagnostic strip, 50, bottle",,,
83341000036106,"Curity (4112) eye pad, 12 pads, carton",,,
110341000036109,"Sorbsan Rope (1411) 2 g rope, 1, carton",,,
110401000036100,"Mepilex Ag (287110) 10 cm x 10 cm dressing, 5, carton",,,
110411000036103,"Mepilex Border Ag 10 cm x 10 cm dressing, 5, carton",,,
118751000036108,"Zipzoc (66000748) 80 cm (stockings) bandage, 10, carton",,,
118761000036106,"Handygauze Cohesive (8635) 10 cm x 2 m bandage, 1, carton",,,
118771000036103,"Handygauze Cohesive (8633) 6 cm x 2 m bandage, 1, carton",,,
118781000036101,"Handygauze Cohesive (8631) 2.5 cm x 2 m bandage, 2, carton",,,
118831000036107,"Zipzoc (66000747) 80 cm (stockings) bandage, 4, carton",,,
122501000036108,"Actisorb Plus (MAP105) 10.5 cm x 10.5 cm dressing, 1, carton",,,
122511000036105,"Adaptic (2012) 7.6 cm x 7.6 cm dressing, 1, carton",,,
122521000036103,"Adaptic (2012) 7.6 cm x 7.6 cm dressing, 50, carton",,,
122531000036101,"Nu-Gel (2497) 9.5 cm x 9.5 cm dressing, 5, carton",,,
123291000036108,"Tielle (MTL103E) 18 cm x 18 cm island dressing, 5, carton",,,
123301000036107,"Tielle (MTL101E) 11 cm x 11 cm island dressing, 10, carton",,,
130381000036105,"Onetouch Select diagnostic strip, 50, bottle",,,
137051000036100,"Durafiber (66800561) 15 cm x 15 cm dressing, 5, carton",,,
137061000036102,"Durafiber (66800560) 10 cm x 10 cm dressing, 10, carton",,,
137071000036105,"Durafiber (66800563) 2 cm x 45 cm rope, 5, carton",,,
140241000036105,"Aquacel Extra (420672) 10 cm x 10 cm dressing, 10, sachet",,,
140251000036108,"Aquacel Extra (420673) 15 cm x 15 cm dressing, 5, sachet",,,
156621000036104,"Allevyn Life (66801067) 10.3 cm x 10.3 cm dressing, 10, carton",,,
156631000036102,"Allevyn Life (66801068) 12.9 cm x 12.9 cm dressing, 10, carton",,,
156641000036107,"Allevyn Life (66801069) 15.4 cm x 15.4 cm dressing, 10, carton",,,
156651000036105,"Allevyn Life (66801070) 21 cm x 21 cm dressing, 10, carton",,,
166981000036100,"Precision Plus diagnostic strip, 100, carton",,,
170771000036106,"Aquacel Ag (403708) 10 cm x 10 cm dressing, 10, carton",,,
170781000036108,"Aquacel Ag (403710) 15 cm x 15 cm dressing, 5, carton",,,
181421000036101,"Goodlife diagnostic strip, 100, bottle",,,
665241000168103,"Comprilan (01027-00) 8 cm x 2.6 m short stretch bandage, 1, carton",,,
665261000168104,"Trueresult diagnostic strip, 100, bottle",,,
665521000168107,"Truebalance diagnostic strip, 100, bottle",,,
665541000168101,"Truetrack diagnostic strip, 100, bottle",,,
665621000168106,"BGstar diagnostic strip, 100, bottle",,,
668751000168101,"Easymate II diagnostic strip, 50, bottle",,,
668771000168105,"Easymate II diagnostic strip, 100, bottle",,,
673891000168103,"Contour Next diagnostic strip, 25, bottle",,,
673911000168101,"Contour Next diagnostic strip, 50, bottle",,,
673931000168106,"Contour Next diagnostic strip, 100, bottle",,,
686621000168100,"Healthpro diagnostic strip, 50, bottle",,,
687391000168108,"Dario diagnostic strip, 100, cartridge",,,
687541000168108,"Gluneo diagnostic strip, 50, bottle",,,
688631000168101,"Combine Roll (12010) (Johnson & Johnson Medical) 10 cm x 10 m wrapped pack roll, 1, carton",,,
688661000168109,"Combine Roll (2902165) (BSN) 9 cm x 10 m wrapped pack roll, 1, carton",,,
18431000036103,"Scitropin (1 x 4 mg vial, 1 x inert diluent vial), 1 pack",,,
18441000036108,"Zomacton (1 x 4 mg vial, 1 x inert diluent vial), 1 pack",,,
24711000036102,"Monofix-VF (1 x 500 units vial, 1 x 5 mL inert diluent vial), 1 pack",,,
24721000036109,"Monofix-VF (1 x 1000 units vial, 1 x 10 mL inert diluent vial), 1 pack",,,
45821000036104,"Jevtana (1 x 60 mg/1.5 mL vial, 1 x 4.5 mL inert diluent vial), 1 pack",,,
55181000036106,"Jene-35 ED (21 x 2 mg/35 microgram tablets, 7 x inert tablets), 28, blister pack",,,
55841000036109,"Biostate 1000 IU FVIII/2000 IU VWF (1 x vial, 1 x 10 mL inert diluent vial), 1 pack",,,
55921000036107,"Cold and Flu Day and Night Relief (Trust) (16 x Day tablets, 8 x Night tablets), 24, blister pack",,,
66461000036107,"Monofix-VF (1 x 500 units vial, 1 x 10 mL inert diluent vial), 1 pack",,,
66481000036102,"Revasc (10 x 15 mg vials, 10 x 1 mL inert diluent ampoules), 1 pack",,,
66491000036100,"Revasc (2 x 15 mg vials, 2 x 1 mL inert diluent ampoules), 1 pack",,,
66571000036103,"Biostate 250 IU FVIII/500 IU VWF (1 x vial, 1 x 5 mL inert diluent vial), 1 pack",,,
66581000036101,"Biostate 500 IU FVIII/1000 IU VWF (1 x vial, 1 x 10 mL inert diluent vial), 1 pack",,,
73761000036103,"Menopur (1 x 600 units vial, 1 x 1 mL inert diluent syringe), 1 pack",,,
73771000036106,"Menopur (1 x 1200 units vial, 2 x 1 mL inert diluent syringes), 1 pack",,,
77361000036106,"Metalyse (1 x 40 mg vial, 1 x 8 mL inert diluent syringe), 1 pack",,,
77371000036103,"Metalyse (1 x 50 mg vial, 1 x 10 mL inert diluent syringe), 1 pack",,,
91601000036102,"Cold and Flu Relief PE Day and Night (Pharmacy Action) (16 x Day tablets, 8 x Night tablets), 24, blister pack (Old Formulation 2015)",,,
91611000036100,"Cold and Flu Relief Day and Night (Pharmacy Action) (16 x Day tablets, 8 x Night tablets), 24, blister pack",,,
96221000036101,"Docetaxel (AS) (1 x 80 mg/2 mL vial, 1 x inert diluent vial), 1 pack",,,
97271000036104,"Norcuron (10 x 4 mg ampoules, 10 x 1 mL inert diluent ampoules), 1 pack",,,
97281000036102,"Norcuron (50 x 4 mg ampoules, 50 x 1 mL inert diluent ampoules), 1 pack",,,
103761000036100,"Kogenate FS (1 x 2000 units vial, 1 x 5 mL inert diluent syringe), 1 pack",,,
116381000036103,"Zoely (24 x 2.5 mg/1.5 mg tablets, 4 x inert tablets), 28, blister pack",,,
116861000036102,"Marvelon 28 (21 x 150 microgram/30 microgram tablets, 7 x inert tablets), 28, blister pack",,,
116941000036108,"Microlevlen ED (21 x 100 microgram/20 microgram tablets, 7 x inert tablets), 28, blister pack",,,
123321000036102,"Firmagon (2 x 120 mg vials, 2 x inert diluent vials), 1 pack",,,
123331000036100,"Firmagon (1 x 80 mg vial, 1 x inert diluent vial), 1 pack",,,
131681000036105,"Firmagon (2 x 120 mg vials, 2 x inert diluent syringes), 1 pack",,,
131691000036107,"Firmagon (1 x 80 mg vial, 1 x inert diluent syringe), 1 pack",,,
154231000036105,"Atozet Composite Pack (30 x Ezetrol tablets, 30 x Atorvastatin (MSD) 10 mg tablets), 60, blister pack",,,
154241000036100,"Atozet Composite Pack (30 x Ezetrol tablets, 30 x Atorvastatin (MSD) 20 mg tablets), 60, blister pack",,,
154251000036102,"Atozet Composite Pack (30 x Ezetrol tablets, 30 x Atorvastatin (MSD) 40 mg tablets), 60, blister pack",,,
154261000036104,"Atozet Composite Pack (30 x Ezetrol tablets, 30 x Atorvastatin (MSD) 80 mg tablets), 60, blister pack",,,
156811000036105,"Caverject (1 x 10 microgram vial, 1 x inert diluent syringe), 1 pack",,,
156821000036103,"Caverject (1 x 20 microgram vial, 1 x inert diluent syringe), 1 pack",,,
160191000036102,"Feiba-NF 2500 U (1 x 2500 units vial, 1 x 50 mL inert diluent vial), 1 pack",,,
176901000036102,"Madeline (21 x 150 microgram/30 microgram tablets, 7 x inert tablets), 28, blister pack",,,
176931000036109,"Rosuzet Composite Pack (30 x Ezetrol tablets, 30 x Rosuvastatin (MSD) 40 mg tablets), 60, blister pack",,,
176941000036104,"Rosuzet Composite Pack (30 x Ezetrol tablets, 30 x Rosuvastatin (MSD) 5 mg tablets), 60, blister pack",,,
176951000036101,"Rosuzet Composite Pack (30 x Ezetrol tablets, 30 x Rosuvastatin (MSD) 20 mg tablets), 60, blister pack",,,
176961000036103,"Rosuzet Composite Pack (30 x Ezetrol tablets, 30 x Rosuvastatin (MSD) 10 mg tablets), 60, blister pack",,,
177211000036109,"Femoston 1/10 (14 x 1 mg tablets, 14 x 1 mg/10 mg tablets), 28, blister pack",,,
179501000036104,"Micronelle 30 ED (21 x 150 microgram/30 microgram tablets, 7 x inert tablets), 28, blister pack",,,
179621000036105,"Minulet (21 x 75 microgram/30 microgram tablets, 7 x inert tablets), 28, blister pack",,,
662761000168101,"Evelyn 150/30 ED (21 x 150 microgram/30 microgram tablets, 7 x inert tablets), 28, blister pack",,,
664731000168100,"Cold and Flu Day and Night (Pharmacist) (16 x Day tablets, 8 x Night tablets), 24, blister pack",,,
664811000168102,"Cold and Flu Day and Night (Pharmacist) (32 x Day tablets, 16 x Night tablets), 48, blister pack",,,
666261000168105,"Sudafed Sinus Day plus Night Relief (16 x Day tablets, 8 x Night tablets), 24, blister pack",,,
666301000168102,"Novoseven RT (1 x 1 mg vial, 1 x 1 mL inert diluent syringe), 1 pack",,,
666341000168100,"Novoseven RT (1 x 2 mg vial, 1 x 2 mL inert diluent syringe), 1 pack",,,
666381000168105,"Novoseven RT (1 x 5 mg vial, 1 x 5 mL inert diluent syringe), 1 pack",,,
666441000168107,"Novoseven RT (1 x 8 mg vial, 1 x 8 mL inert diluent syringe), 1 pack",,,
666451000168109,"Xiaflex (1 x 900 microgram vial, 1 x 3 mL inert diluent vial), 1 pack",,,
668081000168106,"Benefix (1 x 3000 units vial, 1 x 5 mL inert diluent syringe), 1 pack",,,
668381000168109,"Advate (1 x 4000 units vial, 1 x 5 mL inert diluent vial), 1 pack",,,
668421000168100,"Advate (1 x 1500 units vial, 1 x 2 mL inert diluent vial), 1 pack",,,
668451000168108,"Advate (1 x 250 units vial, 1 x 2 mL inert diluent vial), 1 pack",,,
668481000168101,"Advate (1 x 500 units vial, 1 x 2 mL inert diluent vial), 1 pack",,,
668881000168104,"Advate (1 x 1000 units vial, 1 x 2 mL inert diluent vial), 1 pack",,,
675171000168107,"Valette (21 x 2 mg/30 microgram tablets, 7 x inert tablets), 28, blister pack",,,
682341000168103,"Eleanor 150/30 ED (21 x 150 microgram/30 microgram tablets, 7 x inert tablets), 28, blister pack",,,
686771000168108,"Abilify Maintena (1 x 400 mg vial, 1 x 2 mL inert diluent vial), 1 pack",,,
687181000168108,"Abilify Maintena (1 x 300 mg vial, 1 x 2 mL inert diluent vial), 1 pack",,,
695391000168104,"Champix Combination Pack (11 x 500 microgram tablets, 42 x 1 mg tablets), 53, blister pack",,,
698281000168103,"Avonex (4 x 6 million units (30 microgram) vials, 4 x 1.1 mL inert diluent syringes), 1 pack",,,
698291000168100,"Avonex (4 x 6 million units (30 microgram) vials, 4 x 1 mL inert diluent syringes), 1 pack",,,
699271000168106,"Actilyse Cathflo (5 x 2 mg vials, 5 x 2.2 mL inert diluent ampoules), 1 pack",,,
706801000168103,"Lenest 20 ED (21 x 100 microgram/20 microgram tablets, 7 x inert tablets), 28, blister pack",,,
710891000168109,"Recombinate (1 x 250 units vial, 1 x 10 mL inert diluent vial), 1 pack",,,
710921000168104,"Recombinate (1 x 500 units vial, 1 x 10 mL inert diluent vial), 1 pack",,,
710951000168107,"Recombinate (1 x 1000 units vial, 1 x 10 mL inert diluent vial), 1 pack",,,
713291000168101,"Pergoveris 150 IU/75 IU (1 x vial, 1 x 1 mL inert diluent vial), 1 pack",,,
718071000168100,"Carolyn-35 ED (21 x 2 mg/35 microgram tablets, 7 x inert tablets), 28, blister pack",,,
726081000168107,"Viekira Pak (14 x 75 mg/50 mg/12.5 mg tablets, 14 x 250 mg tablets), 28, blister pack",,,
744411000168102,"Diane-35 ED (21 x 2 mg/35 microgram tablets, 7 x inert tablets), 28, blister pack",,,
745731000168103,"Brenda-35 ED (21 x 2 mg/35 microgram tablets, 7 x inert tablets), 28, blister pack",,,
749551000168104,"Cold and Flu Day and Night PE (Pharmacy Choice) (16 x Day tablets, 8 x Night tablets), 24, blister pack",,,
750621000168104,"Yaz (24 x 3 mg/20 microgram tablets, 4 x inert tablets), 28, blister pack",,,
750861000168105,"Laila-35 ED (21 x 2 mg/35 microgram tablets, 7 x inert tablets), 28, blister pack",,,
758651000168109,"Chelsea-35 ED (21 x 2 mg/35 microgram tablets, 7 x inert tablets), 28, blister pack",,,
758861000168107,"Bee Venom (Albey) (1 x 550 microgram vial, 1 x 9 mL inert diluent vial, 3 x 1.8 mL inert diluent vials), 1 pack",,,
758921000168105,"Paper Wasp Venom (Albey) (1 x 550 microgram vial, 1 x 9 mL inert diluent vial, 3 x 1.8 mL inert diluent vials), 1 pack",,,
758971000168106,"Paper Wasp Venom (Hymenoptera) (1 x 550 microgram vial, 1 x 9 mL inert diluent vial), 1 pack",,,
759021000168103,"Honey Bee Venom (Hymenoptera) (1 x 550 microgram vial, 1 x 9 mL inert diluent vial), 1 pack",,,
759081000168104,"Yellow Jacket Venom (Albey) (1 x 550 microgram vial, 1 x 9 mL inert diluent vial, 3 x 1.8 mL inert diluent vials), 1 pack",,,
759131000168104,"Yellow Jacket Venom (Hymenoptera) (1 x 550 microgram vial, 1 x 9 mL inert diluent vial), 1 pack",,,
765021000168106,"Blincyto (1 x Blincyto vial, 1 x Blincyto IV Stabiliser vial), 1 pack",,,
766161000168108,"Eligard 6 Month (1 x 45 mg syringe, 1 x inert diluent syringe), 1 pack",,,
766861000168103,"Micronelle 20 ED (21 x 100 microgram/20 microgram tablets, 7 x inert tablets), 28, blister pack",,,
767461000168103,"Petibelle (21 x 3 mg/30 microgram tablets, 7 x inert tablets), 28, blister pack",,,
767921000168102,"Lenest 30 ED (21 x 150 microgram/30 microgram tablets, 7 x inert tablets), 28, blister pack",,,
771101000168107,"Isabelle (21 x 3 mg/30 microgram tablets, 7 x inert tablets), 28, blister pack",,,
771541000168104,"Drospirenone/Ethinyloestradiol (Lupin) (21 x 3 mg/30 microgram tablets, 7 x inert tablets), 28, blister pack",,,
771591000168107,"Drospirenone/Ethinyloestradiol (GH) (21 x 3 mg/30 microgram tablets, 7 x inert tablets), 28, blister pack",,,
776001000168100,"Leah (24 x 3 mg/20 microgram tablets, 4 x inert tablets), 28, blister pack",,,
781631000168104,"Nordette (21 x 150 microgram/30 microgram tablets, 7 x inert tablets), 28, blister pack",,,
792901000168105,"Trifeme (6 x 50 microgram/30 microgram tablets, 5 x 75 microgram/40 microgram tablets, 10 x 125 microgram/30 microgram tablets, 7 x inert tablets), 28, blister pack",,,
797671000168109,"Actilyse (1 x 20 mg vial, 1 x 20 mL inert diluent vial), 1 pack",,,
809441000168109,"Docetaxel (Accord) (1 x 20 mg/0.5 mL vial, 1 x 1.5 mL inert diluent vial), 1 pack",,,
1277111000168109,"Rosidal TCS (26484) (1 x SC (33503) 10 cm x 3.5 m bandage, 1 x CC (33499) 10 cm x 6 m bandage), 1 pack, carton",,,
11711000036106,"Cosmegen 500 microgram powder for injection, 1 vial",,,
11741000036107,"Heparinised Saline (AstraZeneca) 50 units/5 mL injection, 50 x 5 mL ampoules",,,
13101000036109,"Methaccord 50 mg/2 mL injection, 5 x 2 mL vials",,,
13851000036102,"Orencia 125 mg/mL injection, 4 x 1 mL syringes",,,
17961000036100,"Bleo 15K 15 000 international units powder for injection, 1 vial",,,
18431000036103,"Scitropin (1 x 4 mg vial, 1 x inert diluent vial), 1 pack",,,
18441000036108,"Zomacton (1 x 4 mg vial, 1 x inert diluent vial), 1 pack",,,
19481000036109,"Influvac Junior 2012 injection, 1 x 0.25 mL syringe",,,
19561000036100,"Agrippal 2012 injection, 10 x 0.5 mL syringes",,,
19571000036108,"Agrippal 2012 injection, 1 x 0.5 mL syringe",,,
19581000036105,"Fluvax 2012 injection, 10 x 0.5 mL syringes",,,
19591000036107,"Fluvax 2012 injection, 1 x 0.5 mL syringe",,,
19601000036100,"Fluarix 2012 injection, 10 x 0.5 mL syringes",,,
19621000036105,"Fluarix 2012 injection, 1 x 0.5 mL syringe",,,
19641000036102,"Vaxigrip 2012 injection, 1 x 0.5 mL syringe",,,
19651000036104,"Vaxigrip 2012 injection, 10 x 0.5 mL syringes",,,
19661000036101,"Influvac 2012 injection, 1 x 0.5 mL syringe",,,
19671000036109,"Influvac 2012 injection, 10 x 0.5 mL syringes",,,
19681000036106,"Vaxigrip Junior 2012 injection, 1 x 0.25 mL syringe",,,
24391000036106,"Gemaccord 1 g powder for injection, 1 vial",,,
24401000036109,"Gemaccord 200 mg powder for injection, 1 vial",,,
24431000036102,"Oxaliccord 100 mg/20 mL injection, 20 mL vial",,,
24441000036107,"Oxaliccord 50 mg/10 mL injection, 10 mL vial",,,
24711000036102,"Monofix-VF (1 x 500 units vial, 1 x 5 mL inert diluent vial), 1 pack",,,
24721000036109,"Monofix-VF (1 x 1000 units vial, 1 x 10 mL inert diluent vial), 1 pack",,,
24811000036108,"Heparin Sodium 1000 IU and Sodium Chloride 0.9% (Baxter) injection, 18 x 500 mL bags",,,
24821000036101,"Heparin Sodium 2000 IU and Sodium Chloride 0.9% (Baxter) injection, 12 x 1 L bags",,,
24831000036104,"Heparin Sodium 2000 IU and Sodium Chloride 0.9% (Baxter) injection, 1 L bag",,,
24841000036109,"Heparin Sodium 1000 IU and Sodium Chloride 0.9% (Baxter) injection, 500 mL bag",,,
24861000036105,"Irinoccord 40 mg/2 mL injection, 2 mL vial",,,
24881000036100,"Irinoccord 100 mg/5 mL injection, 5 mL vial",,,
25851000036108,"Cefazolin (AFT) 500 mg powder for injection, 5 vials",,,
25861000036106,"Cefazolin (AFT) 1 g powder for injection, 5 vials",,,
30691000036107,"Acetylcysteine (Omegapharm) 800 mg/4 mL inhalation solution, 4 mL vial",,,
30881000036106,"Irinotecan Hydrochloride Trihydrate (Alphapharm) 500 mg/25 mL injection, 25 mL vial",,,
31091000036105,"Add-Ins powder for oral liquid, 60 x 18.2 g sachets",,,
31271000036102,"Ceftriaxone (AFT) 2 g powder for injection, 1 vial",,,
31281000036100,"Ceftriaxone (AFT) 1 g powder for injection, 1 vial",,,
31411000036107,"Acetylcysteine (Omegapharm) 2 g/10 mL inhalation solution, 10 mL vial",,,
37861000036102,"Epicin 50 mg/25 mL injection, 25 mL vial",,,
37871000036105,"Epiccord 200 mg/100 mL injection, 100 mL vial",,,
37881000036107,"Epicin 20 mg/10 mL injection, 10 mL vial",,,
37891000036109,"Epicin 10 mg/5 mL injection, 5 mL vial",,,
37901000036105,"Epiccord 20 mg/10 mL injection, 10 mL vial",,,
37911000036107,"Epiccord 10 mg/5 mL injection, 5 mL vial",,,
37921000036100,"Epicin 200 mg/100 mL injection, 100 mL vial",,,
37931000036103,"Epiccord 50 mg/25 mL injection, 25 mL vial",,,
39201000036107,"Bronchitol 40 mg powder for inhalation, 10 capsules, blister pack",,,
39211000036109,"Bronchitol 40 mg powder for inhalation, 140 capsules, blister pack",,,
39221000036102,"Bronchitol 40 mg powder for inhalation, 280 capsules, blister pack",,,
39331000036107,"Oxaliplatin (Pharmacor) 100 mg/20 mL injection, 20 mL vial",,,
39341000036102,"Oxaliplatin (Pharmacor) 50 mg/10 mL injection, 10 mL vial",,,
39371000036109,"Topotecan (Kabi) 4 mg powder for injection, 1 vial",,,
39381000036106,"Topotecan (Kabi) 4 mg powder for injection, 5 vials",,,
45101000036103,"MSUD Express 20 powder for oral liquid, 30 x 34 g sachets",,,
45711000036100,"Cefepime (Sandoz) 2 g powder for injection, 1 vial",,,
45721000036107,"Cefepime (Sandoz) 1 g powder for injection, 1 vial",,,
45821000036104,"Jevtana (1 x 60 mg/1.5 mL vial, 1 x 4.5 mL inert diluent vial), 1 pack",,,
47251000036100,"Fragmin 18 000 anti-Xa units/0.72 mL injection, 10 x 0.72 mL syringes",,,
47261000036102,"Fragmin 15 000 anti-Xa units/0.6 mL injection, 10 x 0.6 mL syringes",,,
47271000036105,"Arixtra 2.5 mg/0.5 mL injection, 2 x 0.5 mL syringes",,,
55061000036102,"Cystitis Relief (Pharmacy Choice) powder for oral liquid, 28 x 4 g sachets",,,
55071000036105,"Elaprase 6 mg/3 mL injection, 3 mL vial",,,
55111000036103,"Thymoglobuline 25 mg powder for injection, 1 vial",,,
55261000036109,"Myozyme 50 mg powder for injection, 1 vial",,,
55841000036109,"Biostate 1000 IU FVIII/2000 IU VWF (1 x vial, 1 x 10 mL inert diluent vial), 1 pack",,,
56001000036109,"Pantoprazole (MaxRx) 40 mg powder for injection, 1 vial",,,
56021000036104,"Pantoprazole (MaxRx) 40 mg powder for injection, 5 vials",,,
56031000036102,"Bleo 15K 15 000 international units powder for injection, 10 vials",,,
56041000036107,"Rocuronium Bromide (Sandoz) 50 mg/5 mL injection, 10 x 5 mL vials",,,
56211000036103,"Anesia 1% 200 mg/20 mL injection, 5 x 20 mL vials",,,
56221000036105,"Panadol Cold and Flu Max plus Decongestant Hot Lemon powder for oral liquid, 10 sachets",,,
56231000036107,"Anesia 1% 500 mg/50 mL injection, 50 mL vial",,,
56241000036102,"Anesia 1% 1 g/100 mL injection, 100 mL vial",,,
56261000036101,"Carbaccord 50 mg/5 mL injection, 5 mL vial",,,
56271000036109,"Carbaccord 150 mg/15 mL injection, 15 mL vial",,,
56281000036106,"Carbaccord 450 mg/45 mL injection, 45 mL vial",,,
56291000036108,"Cystitis Relief (Pharmacist Formula) powder for oral liquid, 28 x 4 g sachets",,,
56301000036107,"Potassium Chloride 10 mmol/100 mL and Sodium Chloride 0.29% (Baxter) injection, 100 mL bag",,,
56311000036109,"Potassium Chloride 40 mmol/100 mL and Sodium Chloride 0.9% (Baxter) injection, 100 mL bag",,,
56321000036102,"Potassium Chloride 40 mmol/1000 mL and Sodium Chloride 0.584% (Baxter) injection, 1 L bag",,,
56371000036103,"Dotarem 2.79 g/10 mL injection, 10 mL syringe",,,
56471000036105,"Rocuronium Bromide (DBL) 50 mg/5 mL injection, 10 x 5 mL vials",,,
56501000036102,"Adrenaline (Aspen) 1 in 10 000 (1 mg/10 mL) injection, 10 x 10 mL ampoules",,,
56531000036109,"Ferinject 500 mg/10 mL injection, 10 mL vial",,,
56551000036101,"Riastap 1 g powder for injection, 1 vial",,,
56571000036106,"Idarubicin (Ebewe) 20 mg/20 mL injection, 20 mL vial",,,
56581000036108,"Idarubicin (Ebewe) 20 mg/20 mL injection, 5 x 20 mL vials",,,
56601000036103,"Dexmethsone 8 mg/2 mL injection, 10 x 2 mL vials",,,
56681000036109,"Meropenem (Sandoz) 1 g powder for injection, 10 vials",,,
56691000036106,"Meropenem (Sandoz) 500 mg powder for injection, 10 vials",,,
56701000036106,"Oxytocin (Aspen) 10 units/mL injection, 10 x 1 mL ampoules",,,
56711000036108,"Oxytocin (Aspen) 10 units/mL injection, 5 x 1 mL ampoules",,,
56731000036104,"Intratect 1 g/20 mL injection, 20 mL vial",,,
59551000036107,"Fluconazole (Alphapharm) 200 mg/100 mL injection, 10 x 100 mL bags",,,
59561000036105,"Fluconazole (Alphapharm) 400 mg/200 mL injection, 10 x 200 mL bags",,,
59801000036109,"Ceftriaxone (AFT) 500 mg powder for injection, 1 vial",,,
59811000036106,"Ceftriaxone (AFT) 500 mg powder for injection, 10 vials",,,
59821000036104,"Ceftriaxone (AFT) 500 mg powder for injection, 5 vials",,,
65731000036103,"Doxorubicin Hydrochloride (Novotech) 100 mg/50 mL injection, 50 mL vial",,,
47211000036104,"Nicotinell Step-1 21 mg/24 hours patch, 28, sachet",,,
47241000036103,"Nicorette 15 mg/16 hours patch, 28, sachet",,,
59541000036109,"Dencorub Pain Relieving Heat patch, 3, sachet",,,
66321000036107,"Iodosorb (66051360) 10 cm x 8 cm medicated dressing, 2 x 17 g sheet, sachet",,,
66331000036109,"Iodosorb (66051330) 6 cm x 4 cm medicated dressing, 5 x 5 g sheet, sachet",,,
66651000036107,"OP-1 3.3 mg implant, 1 vial",,,
85621000036105,"Dutran 25 microgram/hour patch, 5, sachet",,,
85631000036107,"Dutran 50 microgram/hour patch, 5, sachet",,,
85641000036102,"Dutran 75 microgram/hour patch, 5, sachet",,,
85651000036104,"Dutran 100 microgram/hour patch, 5, sachet",,,
85661000036101,"Dutran 12 microgram/hour patch, 5, sachet",,,
92941000036104,"Gliadel 7.7 mg implant, 8, sachet",,,
111211000036106,"Nicotinell Step-3 7 mg/24 hours patch, 28, sachet",,,
140451000036107,"Versatis 5% patch, 10, sachet",,,
140461000036105,"Versatis 5% patch, 20, sachet",,,
140471000036102,"Versatis 5% patch, 25, sachet",,,
140481000036100,"Versatis 5% patch, 30, sachet",,,
140491000036103,"Versatis 5% patch, 5, sachet",,,
151941000036106,"Nicorette Invisipatch 15 mg/16 hours patch, 14, sachet",,,
151951000036109,"Nicorette Invisipatch 15 mg/16 hours patch, 28, sachet",,,
151961000036107,"Nicorette Invisipatch 15 mg/16 hours patch, 7, sachet",,,
151971000036104,"Nicorette Invisipatch 10 mg/16 hours patch, 14, sachet",,,
151981000036102,"Nicorette Invisipatch 10 mg/16 hours patch, 28, sachet",,,
151991000036100,"Nicorette Invisipatch 10 mg/16 hours patch, 7, sachet",,,
152001000036102,"Nicorette Invisipatch 25 mg/16 hours patch, 14, sachet",,,
152021000036107,"Nicorette Invisipatch 25 mg/16 hours patch, 28, sachet",,,
152031000036109,"Nicorette Invisipatch 25 mg/16 hours patch, 7, sachet",,,
684551000168100,"Septopal Chain 7.5 mg implant, 30 beads, sachet",,,
728071000168108,"Exelon-10 9.5 mg/24 hours patch, 7, sachet",,,
729061000168109,"Mirena 52 mg intrauterine drug delivery system, 1 system, applicator",,,
729281000168106,"Silver Nitrate Applicator (Grafco) stick, 100, tube",,,
730321000168106,"Ozurdex 700 microgram implant, 1, applicator",,,
731091000168104,"Exelon-15 13.3 mg/24 hours patch, 30, sachet",,,
732371000168106,"Implanon NXT 68 mg implant, 1, applicator",,,
732381000168109,"Implanon 68 mg implant, 1, applicator",,,
733021000168100,"Inadine (P01512) 9.5 cm x 9.5 cm medicated dressing, 25, carton",,,
744141000168107,"Alacare 8 mg patch, 4, sachet",,,
744171000168100,"Alacare 8 mg patch, 8, sachet",,,
750881000168101,"Nicotinell Step-2 14 mg/24 hours patch, 3, sachet",,,
750901000168104,"Nicotinell Step-2 14 mg/24 hours patch, 14, sachet",,,
750921000168108,"Nicotinell Step-2 14 mg/24 hours patch, 21, sachet",,,
750941000168102,"Nicotinell Step-2 14 mg/24 hours patch, 28, sachet",,,
750971000168109,"Nicotinell Step-2 14 mg/24 hours patch, 35, sachet",,,
771471000168107,"Exelon-5 4.6 mg/24 hours patch, 7, sachet",,,
772941000168103,"Norspan 30 microgram/hour patch, 2, sachet",,,
773971000168103,"Norspan 40 microgram/hour patch, 2, sachet",,,
775951000168106,"Norspan 25 microgram/hour patch, 2, sachet",,,
776181000168109,"Norspan 15 microgram/hour patch, 2, sachet",,,
778921000168107,"Fentanyl (Apo) 75 microgram/hour patch, 1, sachet",,,
778941000168101,"Fentanyl (Apo) 75 microgram/hour patch, 2, sachet",,,
778961000168102,"Fentanyl (Apo) 75 microgram/hour patch, 3, sachet",,,
778981000168106,"Fentanyl (Apo) 75 microgram/hour patch, 4, sachet",,,
779001000168109,"Fentanyl (Apo) 75 microgram/hour patch, 5, sachet",,,
779021000168100,"Fentanyl (Apo) 75 microgram/hour patch, 7, sachet",,,
779041000168106,"Fentanyl (Apo) 75 microgram/hour patch, 8, sachet",,,
779061000168105,"Fentanyl (Apo) 75 microgram/hour patch, 10, sachet",,,
779521000168106,"Fentanyl (Apo) 100 microgram/hour patch, 1, sachet",,,
779541000168100,"Fentanyl (Apo) 100 microgram/hour patch, 2, sachet",,,
779561000168101,"Fentanyl (Apo) 100 microgram/hour patch, 3, sachet",,,
779611000168103,"Fentanyl (Apo) 100 microgram/hour patch, 4, sachet",,,
779701000168107,"Fentanyl (Apo) 100 microgram/hour patch, 5, sachet",,,
779771000168102,"Fentanyl (Apo) 100 microgram/hour patch, 7, sachet",,,
779841000168103,"Fentanyl (Apo) 100 microgram/hour patch, 8, sachet",,,
779861000168104,"Fentanyl (Apo) 100 microgram/hour patch, 10, sachet",,,
779991000168104,"Fentanyl (Apo) 25 microgram/hour patch, 1, sachet",,,
780011000168107,"Fentanyl (Apo) 25 microgram/hour patch, 2, sachet",,,
780051000168108,"Fentanyl (Apo) 25 microgram/hour patch, 3, sachet",,,
780071000168104,"Fentanyl (Apo) 25 microgram/hour patch, 4, sachet",,,
780091000168103,"Fentanyl (Apo) 25 microgram/hour patch, 5, sachet",,,
780111000168106,"Fentanyl (Apo) 25 microgram/hour patch, 7, sachet",,,
780131000168101,"Fentanyl (Apo) 25 microgram/hour patch, 8, sachet",,,
780151000168107,"Fentanyl (Apo) 25 microgram/hour patch, 10, sachet",,,
780181000168100,"Fentanyl (Apo) 50 microgram/hour patch, 1, sachet",,,
780201000168104,"Fentanyl (Apo) 50 microgram/hour patch, 2, sachet",,,
780221000168108,"Fentanyl (Apo) 50 microgram/hour patch, 3, sachet",,,
780241000168102,"Fentanyl (Apo) 50 microgram/hour patch, 4, sachet",,,
780291000168105,"Fentanyl (Apo) 50 microgram/hour patch, 5, sachet",,,
780311000168109,"Fentanyl (Apo) 50 microgram/hour patch, 7, sachet",,,
780351000168105,"Fentanyl (Apo) 50 microgram/hour patch, 8, sachet",,,
780431000168105,"Fentanyl (Apo) 50 microgram/hour patch, 10, sachet",,,
780481000168106,"Fentanyl (Apo) 12 microgram/hour patch, 1, sachet",,,
780561000168101,"Fentanyl (Apo) 12 microgram/hour patch, 2, sachet",,,
780581000168105,"Fentanyl (Apo) 12 microgram/hour patch, 3, sachet",,,
780601000168101,"Fentanyl (Apo) 12 microgram/hour patch, 4, sachet",,,
780621000168105,"Fentanyl (Apo) 12 microgram/hour patch, 5, sachet",,,
780651000168102,"Fentanyl (Apo) 12 microgram/hour patch, 7, sachet",,,
780671000168106,"Fentanyl (Apo) 12 microgram/hour patch, 8, sachet",,,
780691000168107,"Fentanyl (Apo) 12 microgram/hour patch, 10, sachet",,,
780741000168109,"Fentanyl (Apo) 37 microgram/hour patch, 1, sachet",,,
780771000168102,"Fentanyl (Apo) 37 microgram/hour patch, 2, sachet",,,
780801000168100,"Fentanyl (Apo) 37 microgram/hour patch, 3, sachet",,,
780831000168107,"Fentanyl (Apo) 37 microgram/hour patch, 4, sachet",,,
780861000168104,"Fentanyl (Apo) 37 microgram/hour patch, 5, sachet",,,
780891000168106,"Fentanyl (Apo) 37 microgram/hour patch, 7, sachet",,,
780921000168101,"Fentanyl (Apo) 37 microgram/hour patch, 8, sachet",,,
780951000168109,"Fentanyl (Apo) 37 microgram/hour patch, 10, sachet",,,
785931000168106,"Fentanyl (Watson) 12 microgram/hour patch, 5, sachet",,,
785961000168103,"Fentanyl (Watson) 25 microgram/hour patch, 5, sachet",,,
785991000168105,"Fentanyl (Watson) 75 microgram/hour patch, 5, sachet",,,
786021000168102,"Fentanyl (Watson) 50 microgram/hour patch, 5, sachet",,,
786051000168105,"Fentanyl (Watson) 100 microgram/hour patch, 5, sachet",,,
786361000168109,"Fentanyl (Sandoz) 37 microgram/hour patch, 1, sachet",,,
786381000168100,"Fentanyl (Sandoz) 37 microgram/hour patch, 2, sachet",,,
786401000168100,"Fentanyl (Sandoz) 37 microgram/hour patch, 3, sachet",,,
786421000168109,"Fentanyl (Sandoz) 37 microgram/hour patch, 4, sachet",,,
786441000168103,"Fentanyl (Sandoz) 37 microgram/hour patch, 5, sachet",,,
786461000168104,"Fentanyl (Sandoz) 37 microgram/hour patch, 7, sachet",,,
786481000168108,"Fentanyl (Sandoz) 37 microgram/hour patch, 8, sachet",,,
786501000168104,"Fentanyl (Sandoz) 37 microgram/hour patch, 10, sachet",,,
846181000168108,"Styptic Pencil (Covidien) 98.6% stick, 5 g, tube",,,
848741000168103,"Rivastigmelon-10 9.5 mg/24 hours patch, 7, sachet",,,
848761000168104,"Rivastigmelon-10 9.5 mg/24 hours patch, 30, sachet",,,
848841000168109,"Rivastigmelon-5 4.6 mg/24 hours patch, 7, sachet",,,
848861000168108,"Rivastigmelon-5 4.6 mg/24 hours patch, 30, sachet",,,
926781000168102,"Nitro-Dur 10 mg/24 hours patch, 5, sachet",,,
928241000168101,"Nitro-Dur 5 mg/24 hours patch, 5, sachet",,,
939401000168106,"Prometax-5 4.6 mg/24 hours patch, 7, sachet",,,
939421000168102,"Prometax-5 4.6 mg/24 hours patch, 30, sachet",,,
939541000168109,"Prometax-10 9.5 mg/24 hours patch, 30, sachet",,,
944331000168105,"Goserelin (AstraZeneca) 3.6 mg implant, 1, syringe",,,
944361000168102,"Goserelin (AstraZeneca) 10.8 mg implant, 1, syringe",,,
954631000168104,"Nitro-Dur 7.5 mg/24 hours patch, 5, sachet",,,
954691000168100,"Nitro-Dur 7.5 mg/24 hours patch, 30, sachet",,,
1000461000168100,"Rivastigmine 15 (Apo) 13.3 mg/24 hours patch, 7, sachet",,,
1000481000168109,"Rivastigmine 15 (Apo) 13.3 mg/24 hours patch, 30, sachet",,,
1009431000168104,"Rivastigmine 10 (Apo) 9.5 mg/24 hours patch, 7, sachet",,,
1009451000168105,"Rivastigmine 10 (Apo) 9.5 mg/24 hours patch, 30, sachet",,,
1009491000168100,"Rivastigmine 5 (Apo) 4.6 mg/24 hours patch, 7, sachet",,,
1009511000168105,"Rivastigmine 5 (Apo) 4.6 mg/24 hours patch, 30, sachet",,,
1046321000168105,"Buprenorphine (SDZ) 15 microgram/hour patch, 1, sachet",,,
1046371000168106,"Buprenorphine (SDZ) 15 microgram/hour patch, 2, sachet",,,
1046431000168102,"Buprenorphine (SDZ) 15 microgram/hour patch, 4, sachet",,,
1046471000168104,"Buprenorphine (SDZ) 5 microgram/hour patch, 1, sachet",,,
1046491000168103,"Buprenorphine (SDZ) 5 microgram/hour patch, 2, sachet",,,
1046521000168101,"Buprenorphine (SDZ) 5 microgram/hour patch, 4, sachet",,,
1046561000168106,"Buprenorphine (SDZ) 20 microgram/hour patch, 1, sachet",,,
1046581000168102,"Buprenorphine (SDZ) 20 microgram/hour patch, 2, sachet",,,
1046611000168109,"Buprenorphine (SDZ) 20 microgram/hour patch, 4, sachet",,,
1046651000168105,"Buprenorphine (SDZ) 10 microgram/hour patch, 1, sachet",,,
1046671000168101,"Buprenorphine (SDZ) 10 microgram/hour patch, 2, sachet",,,
1046701000168100,"Buprenorphine (SDZ) 10 microgram/hour patch, 4, sachet",,,
1046741000168103,"Buprenorphine (SZ) 15 microgram/hour patch, 1, sachet",,,
1046771000168105,"Buprenorphine (SZ) 15 microgram/hour patch, 2, sachet",,,
1046791000168106,"Buprenorphine (SZ) 15 microgram/hour patch, 4, sachet",,,
1046901000168102,"Buprenorphine (SZ) 5 microgram/hour patch, 1, sachet",,,
1046921000168106,"Buprenorphine (SZ) 5 microgram/hour patch, 2, sachet",,,
1046941000168100,"Buprenorphine (SZ) 5 microgram/hour patch, 4, sachet",,,
1046991000168108,"Buprenorphine (SZ) 10 microgram/hour patch, 1, sachet",,,
1047031000168108,"Buprenorphine (SZ) 10 microgram/hour patch, 2, sachet",,,
1047051000168102,"Buprenorphine (SZ) 10 microgram/hour patch, 4, sachet",,,
1047081000168109,"Buprenorphine (SZ) 20 microgram/hour patch, 1, sachet",,,
1047101000168102,"Buprenorphine (SZ) 20 microgram/hour patch, 2, sachet",,,
1047121000168106,"Buprenorphine (SZ) 20 microgram/hour patch, 4, sachet",,,
1047171000168107,"Buprenorphine (Sandoz) 5 microgram/hour patch, 1, sachet",,,
1047191000168108,"Buprenorphine (Sandoz) 5 microgram/hour patch, 2, sachet",,,
1047251000168105,"Buprenorphine (Sandoz) 5 microgram/hour patch, 4, sachet",,,
1047391000168105,"Buprenorphine (Sandoz) 10 microgram/hour patch, 1, sachet",,,
1047441000168109,"Buprenorphine (Sandoz) 10 microgram/hour patch, 2, sachet",,,
1047461000168108,"Buprenorphine (Sandoz) 10 microgram/hour patch, 4, sachet",,,
1047491000168101,"Bupretec 5 microgram/hour patch, 1, sachet",,,
1047511000168106,"Bupretec 5 microgram/hour patch, 2, sachet",,,
1047561000168109,"Buprenorphine (Sandoz) 15 microgram/hour patch, 1, sachet",,,
1047581000168100,"Bupretec 5 microgram/hour patch, 4, sachet",,,
1047601000168109,"Buprenorphine (Sandoz) 15 microgram/hour patch, 2, sachet",,,
1047621000168100,"Buprenorphine (Sandoz) 15 microgram/hour patch, 4, sachet",,,
1047711000168100,"Bupretec 10 microgram/hour patch, 1, sachet",,,
1047771000168108,"Bupretec 10 microgram/hour patch, 2, sachet",,,
1047841000168107,"Buprenorphine (Sandoz) 20 microgram/hour patch, 1, sachet",,,
1047861000168106,"Bupretec 10 microgram/hour patch, 4, sachet",,,
1047881000168102,"Buprenorphine (Sandoz) 20 microgram/hour patch, 2, sachet",,,
1047901000168100,"Buprenorphine (Sandoz) 20 microgram/hour patch, 4, sachet",,,
1047951000168101,"Bupretec 15 microgram/hour patch, 2, sachet",,,
1047981000168108,"Bupretec 15 microgram/hour patch, 4, sachet",,,
1048101000168103,"Bupretec 20 microgram/hour patch, 1, sachet",,,
1048161000168102,"Bupretec 20 microgram/hour patch, 2, sachet",,,
1048181000168106,"Bupretec 20 microgram/hour patch, 4, sachet",,,
1048501000168109,"Bupretec 30 microgram/hour patch, 2, sachet",,,
1048551000168108,"Bupretec 30 microgram/hour patch, 4, sachet",,,
1048711000168101,"Bupretec 40 microgram/hour patch, 2, sachet",,,
1048741000168102,"Bupretec 40 microgram/hour patch, 4, sachet",,,
1048771000168109,"Bupretec 25 microgram/hour patch, 2, sachet",,,
1048831000168104,"Bupretec 25 microgram/hour patch, 4, sachet",,,
1049781000168102,"Bupannus 5 microgram/hour patch, 1, sachet",,,
1049801000168103,"Bupannus 5 microgram/hour patch, 2, sachet",,,
1049821000168107,"Bupannus 5 microgram/hour patch, 4, sachet",,,
1049851000168104,"Bupannus 10 microgram/hour patch, 1, sachet",,,
1049871000168108,"Bupannus 10 microgram/hour patch, 2, sachet",,,
1049891000168109,"Bupannus 10 microgram/hour patch, 4, sachet",,,
1050221000168103,"Bupredermal 30 microgram/hour patch, 2, sachet",,,
1050241000168109,"Bupredermal 30 microgram/hour patch, 4, sachet",,,
1050271000168102,"Bupredermal 25 microgram/hour patch, 2, sachet",,,
1050291000168101,"Bupredermal 25 microgram/hour patch, 4, sachet",,,
1050321000168109,"Bupredermal 40 microgram/hour patch, 2, sachet",,,
1050341000168103,"Bupredermal 40 microgram/hour patch, 4, sachet",,,
1050371000168105,"Bupredermal 20 microgram/hour patch, 1, sachet",,,
1050391000168106,"Bupredermal 20 microgram/hour patch, 2, sachet",,,
1050411000168106,"Bupredermal 20 microgram/hour patch, 4, sachet",,,
1050461000168109,"Bupannus 15 microgram/hour patch, 2, sachet",,,
1050481000168100,"Bupannus 15 microgram/hour patch, 4, sachet",,,
1050511000168107,"Bupannus 20 microgram/hour patch, 1, sachet",,,
1050531000168102,"Bupannus 20 microgram/hour patch, 2, sachet",,,
1050551000168108,"Bupannus 20 microgram/hour patch, 4, sachet",,,
1050581000168101,"Bupannus 25 microgram/hour patch, 2, sachet",,,
1050601000168105,"Bupannus 25 microgram/hour patch, 4, sachet",,,
1050631000168103,"Bupannus 30 microgram/hour patch, 2, sachet",,,
1050651000168109,"Bupannus 30 microgram/hour patch, 4, sachet",,,
1050681000168102,"Bupannus 40 microgram/hour patch, 2, sachet",,,
1050701000168104,"Bupannus 40 microgram/hour patch, 4, sachet",,,
1050741000168102,"Bupredermal 15 microgram/hour patch, 2, sachet",,,
1050761000168103,"Bupredermal 15 microgram/hour patch, 4, sachet",,,
1050791000168105,"Bupredermal 10 microgram/hour patch, 1, sachet",,,
1050811000168109,"Bupredermal 10 microgram/hour patch, 2, sachet",,,
1050831000168104,"Bupredermal 10 microgram/hour patch, 4, sachet",,,
1050861000168107,"Bupredermal 5 microgram/hour patch, 1, sachet",,,
1050881000168103,"Bupredermal 5 microgram/hour patch, 2, sachet",,,
1050901000168101,"Bupredermal 5 microgram/hour patch, 4, sachet",,,
1054021000168101,"Norspan 5 microgram/hour patch, 1, sachet",,,
1054041000168107,"Norspan 5 microgram/hour patch, 4, sachet",,,
1054061000168106,"Norspan 10 microgram/hour patch, 1, sachet",,,
1054081000168102,"Norspan 10 microgram/hour patch, 4, sachet",,,
1054101000168109,"Norspan 20 microgram/hour patch, 1, sachet",,,
1054121000168100,"Norspan 20 microgram/hour patch, 4, sachet",,,
1084771000168105,"Nervoderm 5% patch, 5, sachet",,,
1084791000168106,"Nervoderm 5% patch, 10, sachet",,,
1084811000168105,"Nervoderm 5% patch, 30, sachet",,,
1102531000168102,"Rivastigmelon-15 13.3 mg/24 hours patch, 7, sachet",,,
1102551000168108,"Rivastigmelon-15 13.3 mg/24 hours patch, 30, sachet",,,
1130021000168100,"Nicotine Step 2 (Amcal) 14 mg/24 hours patch, 7, sachet",,,
1130041000168106,"Nicotine Step 2 (Amcal) 14 mg/24 hours patch, 3, sachet",,,
1130061000168105,"Nicotine Step 2 (Amcal) 14 mg/24 hours patch, 14, sachet",,,
1130081000168101,"Nicotine Step 2 (Amcal) 14 mg/24 hours patch, 21, sachet",,,
1130101000168108,"Nicotine Step 2 (Amcal) 14 mg/24 hours patch, 28, sachet",,,
1130121000168104,"Nicotine Step 2 (Amcal) 14 mg/24 hours patch, 35, sachet",,,
1130171000168103,"Nicotine Step 1 (Amcal) 21 mg/24 hours patch, 1, sachet",,,
1130191000168102,"Nicotine Step 1 (Amcal) 21 mg/24 hours patch, 3, sachet",,,
1130211000168101,"Nicotine Step 1 (Amcal) 21 mg/24 hours patch, 7, sachet",,,
1130231000168106,"Nicotine Step 1 (Amcal) 21 mg/24 hours patch, 14, sachet",,,
1130251000168100,"Nicotine Step 1 (Amcal) 21 mg/24 hours patch, 21, sachet",,,
1130271000168109,"Nicotine Step 1 (Amcal) 21 mg/24 hours patch, 28, sachet",,,
1130301000168106,"Nicotine Step 1 (Amcal) 21 mg/24 hours patch, 35, sachet",,,
1130501000168102,"Nicotine Step 3 (Amcal) 7 mg/24 hours patch, 3, sachet",,,
1130521000168106,"Nicotine Step 3 (Amcal) 7 mg/24 hours patch, 7, sachet",,,
1131001000168103,"Nicotine Step 3 (Amcal) 7 mg/24 hours patch, 14, sachet",,,
1131071000168108,"Nicotine Step 3 (Amcal) 7 mg/24 hours patch, 21, sachet",,,
1131091000168109,"Nicotine Step 3 (Amcal) 7 mg/24 hours patch, 28, sachet",,,
1131121000168108,"Nicotine Step 3 (Amcal) 7 mg/24 hours patch, 35, sachet",,,
1131431000168102,"Dencorub Pain Relieving Heat patch, 1, sachet",,,
1131481000168101,"Dencorub Pain Relieving Heat patch, 5, sachet",,,
1134161000168101,"Caustic Pencil (Surgipack) 95% stick, 450 mg, tube",,,
1142951000168106,"Caustic Applicator Cutaneous (Avoca) 75% stick, 100, tube",,,
1164341000168109,"Nicabate 21 mg/24 hours patch, 1, sachet",,,
1164371000168102,"Nicabate 21 mg/24 hours patch, 2, sachet",,,
1164391000168101,"Nicabate 21 mg/24 hours patch, 3, sachet",,,
1164411000168101,"Nicabate 21 mg/24 hours patch, 7, sachet",,,
1164431000168106,"Nicabate 21 mg/24 hours patch, 8, sachet",,,
1164461000168103,"Nicabate 21 mg/24 hours patch, 14, sachet",,,
1172231000168109,"Xylonor Pellets medicated dressing, 200, bottle",,,
1220361000168107,"Kyleena 19.5 mg intrauterine drug delivery system, 1 system, applicator",,,
1258441000168100,"Fluorets Ophthalmic 1 mg diagnostic strip, 100, sachet",,,
1258791000168100,"Optistrip-FL Ophthalmic 1 mg diagnostic strip, 100, sachet",,,
1258821000168108,"Optistrip-FL Ophthalmic 1 mg diagnostic strip, 300, sachet",,,
1259451000168108,"Nicabate 14 mg/24 hours patch, 7, sachet",,,
1259541000168107,"Nicabate 14 mg/24 hours patch, 2, sachet",,,
1259561000168106,"Nicabate 14 mg/24 hours patch, 3, sachet",,,
1259581000168102,"Nicabate 14 mg/24 hours patch, 14, sachet",,,
1283931000168100,"Jaydess 13.5 mg intrauterine drug delivery system, 1 system, applicator",,,
1345001000168108,"Tachosil 9.5 cm x 4.8 cm sponge, 1, blister pack",,,
1345061000168109,"Tachosil 3 cm x 2.5 cm sponge, 1, blister pack",,,
1350651000168108,"Tachosil 4.8 cm x 4.8 cm sponge, 2, blister pack",,,
1350681000168101,"Tachosil 3 cm x 2.5 cm sponge, 5, blister pack",,,
1376411000168105,"Iluvien 190 microgram implant, 1, applicator",,,
1444091000168109,"Transiderm-Nitro-50 10 mg/24 hours patch, 2, sachet",,,
1444121000168108,"Transiderm-Nitro-50 10 mg/24 hours patch, 10, sachet",,,
1460441000168106,"Corn Removal Pads (Scholl) 40% medicated dressing, 9, sachet",,,
1462101000168103,"Transiderm-Nitro-25 5 mg/24 hours patch, 10, sachet",,,
1462131000168105,"Transiderm-Nitro-25 5 mg/24 hours patch, 2, sachet",,,
1467491000168104,"Androderm 2.5 mg/24 hours patch, 30, sachet",,,
1467741000168104,"Androderm 5 mg/24 hours patch, 5, sachet",,,
1480011000168102,"Buprenorphine (Sandoz) 25 microgram/hour patch, 2, sachet",,,
1480041000168103,"Buprenorphine (Sandoz) 30 microgram/hour patch, 2, sachet",,,
1480071000168105,"Buprenorphine (Sandoz) 40 microgram/hour patch, 2, sachet",,,
1514891000168101,"Scenesse 16 mg implant, 1, vial",,,
1582171000168103,"Buprespan 10 microgram/hour patch, 2, sachet",,,
1582201000168104,"Buprespan 20 microgram/hour patch, 2, sachet",,,
1582461000168100,"Buprenorphine (Juno) 20 microgram/hour patch, 2, sachet",,,
1582491000168109,"Buprenorphine (Juno) 5 microgram/hour patch, 2, sachet",,,
1582521000168106,"Buprespan 5 microgram/hour patch, 2, sachet",,,
1582601000168101,"Buprenorphine (Juno) 10 microgram/hour patch, 2, sachet",,,
1583011000168100,"B-Patch 15 microgram/hour patch, 2, sachet",,,
1583711000168102,"Buprenorphine (AUP) 15 microgram/hour patch, 2, sachet",,,
1610451000168105,"Estraderm MX 50 microgram/24 hours patch, 2, sachet",,,
1617271000168101,"Buprenorphine (AUP) 10 microgram/hour patch, 2, sachet",,,
1617301000168104,"Buprenorphine (AUP) 20 microgram/hour patch, 2, sachet",,,
1617391000168105,"B-Patch 5 microgram/hour patch, 2, sachet",,,
1617421000168103,"B-Patch 20 microgram/hour patch, 2, sachet",,,
1617451000168106,"Buprenorphine (AUP) 5 microgram/hour patch, 2, sachet",,,
1617481000168104,"B-Patch 10 microgram/hour patch, 2, sachet",,,
1618401000168108,"Estraderm MX 25 microgram/24 hours patch, 2, sachet",,,
1618511000168107,"Estraderm MX 100 microgram/24 hours patch, 2, sachet",,,
1663161000168106,"Inadine (P01481) 5 cm x 5 cm medicated dressing, 25, carton",,,
17754011000036101,"Transiderm-Nitro-50 10 mg/24 hours patch, 30, sachet",,,
17755011000036102,"Norspan 5 microgram/hour patch, 2, sachet",,,
17829011000036104,"Transiderm-Nitro-25 5 mg/24 hours patch, 30, sachet",,,
17871011000036104,"Norspan 10 microgram/hour patch, 2, sachet",,,
17923011000036106,"Durogesic 100 microgram/hour patch, 5, sachet",,,
17938011000036103,"Testosterone (Organon) 100 mg implant, 1, tube",,,
18027011000036101,"Durogesic 25 microgram/hour patch, 5, sachet",,,
18407011000036100,"Durogesic 75 microgram/hour patch, 5, sachet",,,
18500011000036109,"Testosterone (Organon) 200 mg implant, 1, tube",,,
18592011000036105,"Norspan 20 microgram/hour patch, 2, sachet",,,
18645011000036100,"Durogesic 50 microgram/hour patch, 5, sachet",,,
18646011000036107,"Durogesic 12 microgram/hour patch, 5, sachet",,,
18713011000036103,"Oestradiol (Organon) 50 mg implant, 1, tube",,,
18714011000036101,"Oestradiol (Organon) 100 mg implant, 1, tube",,,
19161011000036108,"Nicorette 5 mg/16 hours patch, 7, sachet",,,
19162011000036102,"Nicorette 10 mg/16 hours patch, 7, sachet",,,
19163011000036109,"Nicorette 15 mg/16 hours patch, 7, sachet",,,
19329011000036107,"Nitro-Dur 10 mg/24 hours patch, 30, sachet",,,
19330011000036103,"Nitro-Dur 15 mg/24 hours patch, 30, sachet",,,
19359011000036108,"Menorest 37.5 microgram/24 hours patch, 8, sachet",,,
19360011000036109,"Menorest 50 microgram/24 hours patch, 8, sachet",,,
19361011000036102,"Menorest 75 microgram/24 hours patch, 8, sachet",,,
19362011000036108,"Menorest 100 microgram/24 hours patch, 8, sachet",,,
19376011000036102,"Minitran 5 mg/24 hours patch, 30, sachet",,,
19377011000036104,"Minitran 10 mg/24 hours patch, 30, sachet",,,
19378011000036103,"Minitran 15 mg/24 hours patch, 30, sachet",,,
19389011000036100,"Nitro-Dur 5 mg/24 hours patch, 30, sachet",,,
19513011000036102,"Climara 50 microgram/24 hours patch, 4, sachet",,,
19514011000036100,"Climara 100 microgram/24 hours patch, 4, sachet",,,
19543011000036109,"Estraderm MX 50 microgram/24 hours patch, 8, sachet",,,
19552011000036100,"Femtran 50 microgram/24 hours patch, 4, sachet",,,
19553011000036107,"Femtran 100 microgram/24 hours patch, 4, sachet",,,
19726011000036104,"Vitrasert 4.5 mg implant, 1, sachet",,,
19737011000036103,"Androderm 2.5 mg/24 hours patch, 60, sachet",,,
19935011000036100,"Estraderm MX 25 microgram/24 hours patch, 8, sachet",,,
19936011000036107,"Estraderm MX 100 microgram/24 hours patch, 8, sachet",,,
20078011000036100,"Estalis Continuous 50/140 patch, 8, sachet",,,
20079011000036108,"Estalis Continuous 50/250 patch, 8, sachet",,,
20080011000036108,"Estalis Sequi 50/140 (4 x 50 microgram/24 hours patches, 4 x 50 microgram/24 hours/140 microgram/24 hours patches), 8, sachet",,,
20081011000036101,"Estalis Sequi 50/250 (4 x 50 microgram/24 hours patches, 4 x 50 microgram/24 hours/250 microgram/24 hours patches), 8, sachet",,,
20195011000036105,"Climara 25 microgram/24 hours patch, 4, sachet",,,
20196011000036103,"Climara 75 microgram/24 hours patch, 4, sachet",,,
20265011000036106,"Femtran 25 microgram/24 hours patch, 4, sachet",,,
20436011000036107,"Quitx Step-1 21 mg/24 hours patch, 7, sachet",,,
20437011000036105,"Quitx Step-2 14 mg/24 hours patch, 7, sachet",,,
20438011000036106,"Quitx Step-3 7 mg/24 hours patch, 7, sachet",,,
20570011000036100,"Nicabate CQ 21 mg/24 hours patch, 7, sachet",,,
20571011000036107,"Nicabate CQ 7 mg/24 hours patch, 7, sachet",,,
20572011000036101,"Nicabate CQ 14 mg/24 hours patch, 7, sachet",,,
20684011000036108,"Androderm 5 mg/24 hours patch, 30, sachet",,,
21085011000036109,"Estradot 25 microgram/24 hours patch, 8, sachet",,,
21086011000036102,"Estradot 37.5 microgram/24 hours patch, 8, sachet",,,
21087011000036104,"Estradot 50 microgram/24 hours patch, 8, sachet",,,
21088011000036103,"Estradot 75 microgram/24 hours patch, 8, sachet",,,
21089011000036106,"Estradot 100 microgram/24 hours patch, 8, sachet",,,
21178011000036103,"Solastick SPF 30+ (Hamilton) lip stick, 4.5 g, tube",,,
21195011000036103,"Estraderm 100 microgram/24 hours patch, 8, sachet",,,
21197011000036108,"Estraderm 50 microgram/24 hours patch, 8, sachet",,,
21199011000036101,"Estraderm 25 microgram/24 hours patch, 8, sachet",,,
37517011000036101,"Exelon-5 4.6 mg/24 hours patch, 30, sachet",,,
37518011000036100,"Exelon-10 9.5 mg/24 hours patch, 30, sachet",,,
43650011000036109,"Oxytrol 3.9 mg/24 hours patch, 2, sachet",,,
43816011000036109,"Oxytrol 3.9 mg/24 hours patch, 8, sachet",,,
43888011000036106,"Neupro 2 mg/24 hours patch, 100, sachet",,,
43889011000036103,"Neupro 2 mg/24 hours patch, 28, sachet",,,
43890011000036105,"Neupro 2 mg/24 hours patch, 7, sachet",,,
43891011000036103,"Neupro 4 mg/24 hours patch, 100, sachet",,,
43892011000036109,"Neupro 4 mg/24 hours patch, 28, sachet",,,
43893011000036102,"Neupro 4 mg/24 hours patch, 7, sachet",,,
43894011000036100,"Neupro 6 mg/24 hours patch, 100, sachet",,,
43895011000036101,"Neupro 6 mg/24 hours patch, 28, sachet",,,
43896011000036108,"Neupro 6 mg/24 hours patch, 7, sachet",,,
43897011000036106,"Neupro 8 mg/24 hours patch, 100, sachet",,,
43898011000036107,"Neupro 8 mg/24 hours patch, 28, sachet",,,
43899011000036104,"Neupro 8 mg/24 hours patch, 7, sachet",,,
44497011000036104,"Estraderm MX 75 microgram/24 hours patch, 2, sachet",,,
44498011000036103,"Estraderm MX 75 microgram/24 hours patch, 24, sachet",,,
44499011000036106,"Estraderm MX 75 microgram/24 hours patch, 8, sachet",,,
50526011000036105,"Betadine Gauze 10% (22.5 cm x 7.5 cm) medicated dressing, 12 pads, carton",,,
60911011000036100,"Emla 5% patch, 2, carton",,,
60912011000036106,"Emla 5% patch, 20, carton",,,
61249011000036102,"Nicotine (Amcal) 7 mg/24 hours patch, 21, sachet",,,
61250011000036105,"Nicotine (Amcal) 7 mg/24 hours patch, 28, sachet",,,
61251011000036103,"Nicotine (Amcal) 7 mg/24 hours patch, 7, sachet",,,
61252011000036109,"Nicotine (Amcal) 14 mg/24 hours patch, 21, sachet",,,
61253011000036102,"Nicotine (Amcal) 14 mg/24 hours patch, 28, sachet",,,
61254011000036100,"Nicotine (Amcal) 14 mg/24 hours patch, 7, sachet",,,
61255011000036101,"Nicotine (Amcal) 21 mg/24 hours patch, 1, sachet",,,
61256011000036108,"Nicotine (Amcal) 21 mg/24 hours patch, 21, sachet",,,
61257011000036106,"Nicotine (Amcal) 21 mg/24 hours patch, 28, sachet",,,
61258011000036107,"Nicotine (Amcal) 21 mg/24 hours patch, 7, sachet",,,
68684011000036103,"Nicotine Phase-2 (Chemists' Own) 14 mg/24 hours patch, 28, sachet",,,
68709011000036108,"Nicotine Phase-1 (Chemists' Own) 21 mg/24 hours patch, 21, sachet",,,
68749011000036102,"Nicotine Phase-3 (Chemists' Own) 7 mg/24 hours patch, 28, sachet",,,
68788011000036104,"Nicotine Phase-2 (Chemists' Own) 14 mg/24 hours patch, 21, sachet",,,
68859011000036102,"Nicotine Phase-3 (Chemists' Own) 7 mg/24 hours patch, 21, sachet",,,
68864011000036106,"Nicotine Phase-1 (Chemists' Own) 21 mg/24 hours patch, 7, sachet",,,
68900011000036106,"Nicotine Phase-1 (Chemists' Own) 21 mg/24 hours patch, 1, sachet",,,
68902011000036105,"Nicotine Phase-1 (Chemists' Own) 21 mg/24 hours patch, 28, sachet",,,
68940011000036100,"Nicotine Phase-2 (Chemists' Own) 14 mg/24 hours patch, 7, sachet",,,
68945011000036109,"Nicotine Phase-3 (Chemists' Own) 7 mg/24 hours patch, 7, sachet",,,
69125011000036105,"Nicabate Pre-Quit 21 mg/24 hours patch, 14, sachet",,,
69126011000036103,"Nicabate Pre-Quit 21 mg/24 hours patch, 3, sachet",,,
69664011000036103,"Nicabate Clear 7 mg/24 hours patch, 1, sachet",,,
69665011000036104,"Nicabate Clear 7 mg/24 hours patch, 14, sachet",,,
69666011000036106,"Nicabate Clear 7 mg/24 hours patch, 3, sachet",,,
69667011000036109,"Nicabate Clear 7 mg/24 hours patch, 7, sachet",,,
69668011000036105,"Nicabate Clear 14 mg/24 hours patch, 1, sachet",,,
69669011000036102,"Nicabate Clear 14 mg/24 hours patch, 14, sachet",,,
69670011000036104,"Nicabate Clear 14 mg/24 hours patch, 3, sachet",,,
69671011000036106,"Nicabate Clear 14 mg/24 hours patch, 7, sachet",,,
69672011000036100,"Nicabate Clear 21 mg/24 hours patch, 1, sachet",,,
69673011000036107,"Nicabate Clear 21 mg/24 hours patch, 14, sachet",,,
69674011000036109,"Nicabate Clear 21 mg/24 hours patch, 3, sachet",,,
69675011000036108,"Nicabate Clear 21 mg/24 hours patch, 7, sachet",,,
69676011000036101,"Nicabate Clear 21 mg/24 hours patch, 8, sachet",,,
77205011000036109,"Blistex Ultra Lip Balm lip stick, 4.25 g, tube",,,
77402011000036102,"Blistex Complete Moisture lip stick, 4.25 g, tube",,,
82906011000036104,"Zoladex 3.6 mg implant, 1, syringe",,,
82908011000036100,"Zoladex 10.8 mg implant, 1, syringe",,,
86841011000036108,"Densiron-68 implant, 1, syringe",,,
926740011000036108,"Nicotine (Guardian) 7 mg/24 hours patch, 7, sachet",,,
926741011000036101,"Nicotine (Guardian) 14 mg/24 hours patch, 7, sachet",,,
926742011000036107,"Nicotine (Guardian) 21 mg/24 hours patch, 7, sachet",,,
926820011000036109,"Nicabate P 21 mg/24 hours patch, 14, sachet",,,
926821011000036102,"Nicabate P 21 mg/24 hours patch, 28, sachet",,,
926859011000036102,"Nicotinell Step-2 14 mg/24 hours patch, 7, sachet",,,
926860011000036101,"Nicotinell Step-1 21 mg/24 hours patch, 7, sachet",,,
926861011000036108,"Nicotinell Step-3 7 mg/24 hours patch, 7, sachet",,,
926875011000036101,"Wart Removal System (Scholl) Washproof 40% medicated dressing, 15 applications, wrapping",,,
926887011000036103,"Wart-Off Stick Wart Remover 40% stick, 5 g, tube",,,
928846011000036101,"Wart Removal System (Scholl) Fabric 40% medicated dressing, 15 applications, wrapping",,,
933215031000036102,"Denpax 50 microgram/hour patch, 5, sachet",,,
933215051000036105,"Denpax 75 microgram/hour patch, 5, sachet",,,
933215071000036100,"Denpax 12 microgram/hour patch, 5, sachet",,,
933215091000036101,"Denpax 100 microgram/hour patch, 5, sachet",,,
933215111000036107,"Denpax 25 microgram/hour patch, 5, sachet",,,
933229921000036106,"Fenpatch 12 microgram/hour patch, 5, sachet",,,
933229931000036108,"Fenpatch 25 microgram/hour patch, 5, sachet",,,
933229941000036103,"Fenpatch 50 microgram/hour patch, 5, sachet",,,
933229951000036100,"Fenpatch 75 microgram/hour patch, 5, sachet",,,
933229961000036102,"Fenpatch 100 microgram/hour patch, 5, sachet",,,
933231511000036106,"Estracombi (4 x 50 microgram/24 hours patches, 4 x 50 microgram/24 hours/250 microgram/24 hours patches), 8, sachet",,,
933238811000036100,"Fentanyl (Sandoz) 50 microgram/hour patch, 4, sachet",,,
933238821000036107,"Fentanyl (Sandoz) 50 microgram/hour patch, 5, sachet",,,
933238831000036109,"Fentanyl (Sandoz) 50 microgram/hour patch, 7, sachet",,,
933238841000036104,"Fentanyl (Sandoz) 50 microgram/hour patch, 8, sachet",,,
933238851000036101,"Fentanyl (Sandoz) 12 microgram/hour patch, 1, sachet",,,
933238861000036103,"Fentanyl (Sandoz) 12 microgram/hour patch, 10, sachet",,,
933238871000036106,"Fentanyl (Sandoz) 12 microgram/hour patch, 2, sachet",,,
933238881000036108,"Fentanyl (Sandoz) 12 microgram/hour patch, 3, sachet",,,
933238891000036105,"Fentanyl (Sandoz) 12 microgram/hour patch, 4, sachet",,,
933238901000036106,"Fentanyl (Sandoz) 12 microgram/hour patch, 5, sachet",,,
933238911000036108,"Fentanyl (Sandoz) 12 microgram/hour patch, 7, sachet",,,
933238921000036101,"Fentanyl (Sandoz) 12 microgram/hour patch, 8, sachet",,,
933238931000036104,"Fentanyl (Sandoz) 100 microgram/hour patch, 1, sachet",,,
933238941000036109,"Fentanyl (Sandoz) 100 microgram/hour patch, 10, sachet",,,
933238951000036107,"Fentanyl (Sandoz) 100 microgram/hour patch, 2, sachet",,,
933238961000036105,"Fentanyl (Sandoz) 100 microgram/hour patch, 3, sachet",,,
933238971000036102,"Fentanyl (Sandoz) 100 microgram/hour patch, 4, sachet",,,
933238981000036100,"Fentanyl (Sandoz) 100 microgram/hour patch, 5, sachet",,,
933238991000036103,"Fentanyl (Sandoz) 100 microgram/hour patch, 7, sachet",,,
933239001000036103,"Fentanyl (Sandoz) 100 microgram/hour patch, 8, sachet",,,
933239011000036101,"Fentanyl (Sandoz) 75 microgram/hour patch, 1, sachet",,,
933239021000036108,"Fentanyl (Sandoz) 75 microgram/hour patch, 10, sachet",,,
933239031000036105,"Fentanyl (Sandoz) 75 microgram/hour patch, 2, sachet",,,
933239041000036100,"Fentanyl (Sandoz) 75 microgram/hour patch, 3, sachet",,,
933239051000036102,"Fentanyl (Sandoz) 75 microgram/hour patch, 4, sachet",,,
933239061000036104,"Fentanyl (Sandoz) 75 microgram/hour patch, 5, sachet",,,
933239071000036107,"Fentanyl (Sandoz) 75 microgram/hour patch, 7, sachet",,,
933239081000036109,"Fentanyl (Sandoz) 75 microgram/hour patch, 8, sachet",,,
933239091000036106,"Fentanyl (Sandoz) 25 microgram/hour patch, 1, sachet",,,
933239101000036102,"Fentanyl (Sandoz) 25 microgram/hour patch, 10, sachet",,,
933239111000036100,"Fentanyl (Sandoz) 25 microgram/hour patch, 2, sachet",,,
933239121000036107,"Fentanyl (Sandoz) 25 microgram/hour patch, 3, sachet",,,
933239131000036109,"Fentanyl (Sandoz) 25 microgram/hour patch, 4, sachet",,,
933239141000036104,"Fentanyl (Sandoz) 25 microgram/hour patch, 5, sachet",,,
933239151000036101,"Fentanyl (Sandoz) 25 microgram/hour patch, 7, sachet",,,
933239161000036103,"Fentanyl (Sandoz) 25 microgram/hour patch, 8, sachet",,,
933239171000036106,"Fentanyl (Sandoz) 50 microgram/hour patch, 1, sachet",,,
933239181000036108,"Fentanyl (Sandoz) 50 microgram/hour patch, 10, sachet",,,
933239191000036105,"Fentanyl (Sandoz) 50 microgram/hour patch, 2, sachet",,,
933239201000036000,"Fentanyl (Sandoz) 50 microgram/hour patch, 3, sachet",,,
933246291000036106,"Oestradiol (Schering-Plough) 100 mg implant, 1, tube",,,
933246301000036105,"Oestradiol (Schering-Plough) 50 mg implant, 1, tube",,,
933246311000036107,"Testosterone (Schering-Plough) 100 mg implant, 1, tube",,,
933246331000036103,"Testosterone (Schering-Plough) 200 mg implant, 1, tube",,,
933247591000036106,"Iodosorb (66051340) 8 cm x 6 cm medicated dressing, 3 x 10 g sheet, sachet",,,
1156551000168104,"Codral Day and Night Cold and Flu (18 x Day tablets, 6 x Night tablets), 24, blister pack",,,
1142139005,Count of base of active ingredient,,,
999000111000168106,Contains packaged device,,,